{
  "corsi": [
    {
      "id": "1",
      "nome": "Yoga Base",
      "descrizione": "Corso introduttivo di yoga per principianti.",
      "istruttore": "Maria Rossi",
      "durata": 60,
      "capacitaMassima": 15,
      "iscritti": 14
    },
    {
      "id": "2",
      "nome": "Pilates Avanzato",
      "descrizione": "Corso di pilates per praticanti esperti.",
      "istruttore": "Luca Bianchi",
      "durata": 75,
      "capacitaMassima": 10,
      "iscritti": 9
    },
    {
      "id": "3",
      "nome": "Zumba Fitness",
      "descrizione": "Corso di danza fitness per divertirsi e mantenersi in forma.",
      "istruttore": "Giulia Verdi",
      "durata": 50,
      "capacitaMassima": 20,
      "iscritti": 2
    },
    {
      "id": "4",
      "nome": "Ikido",
      "descrizione": "Un corso per imparare a fare il cu*o alle persone cattive",
      "istruttore": "Io, me medesimo",
      "durata": 25,
      "capacitaMassima": 12,
      "iscritti": 0
    },
    {
      "id": "5",
      "nome": "Meditazione Avanzata",
      "descrizione": "Corso per approfondire le tecniche di meditazione.",
      "istruttore": "Alessandro Neri",
      "durata": 90,
      "capacitaMassima": 20,
      "iscritti": 5
    },
    {
      "id": "6",
      "nome": "Cardio Kickboxing",
      "descrizione": "Un corso energico che combina cardio e arti marziali.",
      "istruttore": "Francesca Gallo",
      "durata": 60,
      "capacitaMassima": 25,
      "iscritti": 15
    },
    {
      "id": "7",
      "nome": "Yoga per la Gravidanza",
      "descrizione": "Corso di yoga dedicato alle future mamme.",
      "istruttore": "Sara Conti",
      "durata": 70,
      "capacitaMassima": 10,
      "iscritti": 8
    },
    {
      "id": "8",
      "nome": "Cucina Vegetariana",
      "descrizione": "Corso di cucina per imparare a preparare piatti vegetariani.",
      "istruttore": "Marco Fabbri",
      "durata": 120,
      "capacitaMassima": 15,
      "iscritti": 12
    },
    {
      "id": "9",
      "nome": "Fotografia Creativa",
      "descrizione": "Corso per sviluppare le tue abilità fotografiche.",
      "istruttore": "Elena Ricci",
      "durata": 80,
      "capacitaMassima": 10,
      "iscritti": 6
    },
    {
      "id": "10",
      "nome": "Jumping estremo",
      "descrizione": "Buttati che è morbido, panettone motta, morbido Natale... aaaaaaaaaa...",
      "istruttore": "Io, me medesimo",
      "durata": 2,
      "capacitaMassima": 1,
      "iscritti": 0
    }
  ],
  "prenotazioni": [
    {
      "id": 1737711097557,
      "idCorso": "8"
    },
    {
      "id": 1737711308903,
      "idCorso": "1"
    },
    {
      "id": 1737711371024,
      "idCorso": "1"
    },
    {
      "id": 1737711376497,
      "idCorso": "1"
    },
    {
      "id": 1737711376672,
      "idCorso": "1"
    },
    {
      "id": 1737711376872,
      "idCorso": "1"
    },
    {
      "id": 1737711377072,
      "idCorso": "1"
    },
    {
      "id": 1737711977889,
      "idCorso": "1"
    },
    {
      "id": 1737711979865,
      "idCorso": "1"
    },
    {
      "id": 1737711981016,
      "idCorso": "1"
    },
    {
      "id": 1737712031099,
      "idCorso": "1"
    },
    {
      "id": 1737712032691,
      "idCorso": "1"
    },
    {
      "id": 1737712080026,
      "idCorso": "2"
    },
    {
      "id": 1737712080578,
      "idCorso": "1"
    },
    {
      "id": 1737712081841,
      "idCorso": "1"
    },
    {
      "id": 1737712082498,
      "idCorso": "2"
    },
    {
      "id": 1737712097474,
      "idCorso": "1"
    },
    {
      "id": 1737714031397,
      "idCorso": "1"
    },
    {
      "id": 1737714146984,
      "idCorso": "1"
    },
    {
      "id": 1737714157119,
      "idCorso": "1"
    },
    {
      "id": 1737714159814,
      "idCorso": "1"
    },
    {
      "id": 1737714164607,
      "idCorso": "2"
    },
    {
      "id": 1737714166207,
      "idCorso": "2"
    },
    {
      "id": 1737714167967,
      "idCorso": "2"
    },
    {
      "id": 1737714169470,
      "idCorso": "2"
    },
    {
      "id": 1737714170799,
      "idCorso": "2"
    },
    {
      "id": 1737714172215,
      "idCorso": "2"
    },
    {
      "id": 1737714173551,
      "idCorso": "2"
    },
    {
      "id": 1737714208118,
      "idCorso": "1"
    },
    {
      "id": 1737714229423,
      "idCorso": "1"
    },
    {
      "id": 1737714289849,
      "idCorso": "2"
    },
    {
      "id": 1737714398409,
      "idCorso": "1"
    },
    {
      "id": 1737714410227,
      "idCorso": "1"
    },
    {
      "id": 1737714434042,
      "idCorso": "1"
    },
    {
      "id": 1737714471186,
      "idCorso": "1"
    },
    {
      "id": 1737714509483,
      "idCorso": "1"
    },
    {
      "id": 1737714526963,
      "idCorso": "2"
    },
    {
      "id": 1737714610988,
      "idCorso": "1"
    },
    {
      "id": 1737714747558,
      "idCorso": "1"
    },
    {
      "id": 1737714773599,
      "idCorso": "2"
    },
    {
      "id": 1737717383451,
      "idCorso": "3"
    },
    {
      "id": 1737717384947,
      "idCorso": "3"
    },
    {
      "id": 1737717796417,
      "idCorso": "1"
    },
    {
      "id": 1737717799809,
      "idCorso": "2"
    }
  ]
}