{
  "hash": "a612c93a",
  "configHash": "4b043e8d",
  "lockfileHash": "2c3a3f45",
  "browserHash": "93ff495c",
  "optimized": {
    "@angular/core": {
      "src": "../../../../../../node_modules/@angular/core/fesm2022/core.mjs",
      "file": "@angular_core.js",
      "fileHash": "693bfb9e",
      "needsInterop": false
    },
    "@angular/platform-browser": {
      "src": "../../../../../../node_modules/@angular/platform-browser/fesm2022/platform-browser.mjs",
      "file": "@angular_platform-browser.js",
      "fileHash": "c58543a2",
      "needsInterop": false
    },
    "@angular/router": {
      "src": "../../../../../../node_modules/@angular/router/fesm2022/router.mjs",
      "file": "@angular_router.js",
      "fileHash": "5b48220a",
      "needsInterop": false
    }
  },
  "chunks": {
    "chunk-OYIAGWIJ": {
      "file": "chunk-OYIAGWIJ.js"
    },
    "chunk-KNRYTDUQ": {
      "file": "chunk-KNRYTDUQ.js"
    }
  }
}