{
  "hash": "f17302a6",
  "configHash": "8110c681",
  "lockfileHash": "c9ed1042",
  "browserHash": "e80eadad",
  "optimized": {
    "@angular/core": {
      "src": "../../../../../../node_modules/@angular/core/fesm2022/core.mjs",
      "file": "@angular_core.js",
      "fileHash": "2861fcf3",
      "needsInterop": false
    },
    "@angular/platform-browser": {
      "src": "../../../../../../node_modules/@angular/platform-browser/fesm2022/platform-browser.mjs",
      "file": "@angular_platform-browser.js",
      "fileHash": "1b47e1d1",
      "needsInterop": false
    },
    "@angular/router": {
      "src": "../../../../../../node_modules/@angular/router/fesm2022/router.mjs",
      "file": "@angular_router.js",
      "fileHash": "24d26cc1",
      "needsInterop": false
    }
  },
  "chunks": {
    "chunk-OYIAGWIJ": {
      "file": "chunk-OYIAGWIJ.js"
    },
    "chunk-KNRYTDUQ": {
      "file": "chunk-KNRYTDUQ.js"
    }
  }
}